team,abbrev,president,pres_baseball_ops,gm,asst_gm,scouting_dir,asst_scouting_dir,pd_dir,asst_pd_dir,pitching_coord,hitting_coord,mlb_ballpark,ballpark_city,spring_training,spring_city,aaa,aa,high_a,low_a,record_2025,best_finish,payroll_2026,payroll_rank_2026,homegrown_count,homegrown_rank
Arizona Diamondbacks,ARI,Derrick Hall,,Mike Hazen,Amiel Sawdaye,Ian Rebhan,Kerry Jenkins,Chris Slivka,Chris Slivka,Chris Mears,Brad Marcelino,Chase Field,"Phoenix, AZ",Salt River Fields at Talking Sticks,"Scottsdale, AZ",Reno Aces (NV),Amarillo Sod Poodles (TX),Hillsboro Hops (OR),Visalia Rawhide (CA),80-82,2023 NL Pennant,232.3M,12,TODO,TODO
Atlanta Braves,ATL,Derek Schiller,Alex Anthopoulos,Alex Anthopoulos,Jason Paré / Ben Sestanovich / Adam Sonabend / Michael Schwartze / Pete Putila,Ronit Shah,Alex Burritt,Kevin Hooper,David Lee,Bo Henning,Chris Antariksa,Truist Park,"Atlanta, GA",CoolToday Park,"Venice, FL",Gwinnett Stripers (GA),Columbus Clingstones (GA),Rome Emperors (GA),Augusta GreenJackets (GA),76-86,2024 NLWC,249.8M,8,TODO,TODO
Baltimore Orioles,BAL,David Rubenstein,Mike Elias,Mike Elias,Sig Mejdal / Eve Rosenbaum / Brendan Fournie,Will Robertson (VP Domestic),Hendrik Herz,Anthony Villa,Jackson McDonnell,Forrest Herrmann,Dalton Hurd,Oriole Park at Camden Yards,"Baltimore, MD",Ed Smith Stadium,"Sarasota, FL",Norfolk Tides (VA),Chesapeake Baysox (MD),Frederick Keys (MD),Delmarva Shorebirds (MD),75-87,2024 ALWC,217.1M,14,TODO,TODO
Boston Red Sox,BOS,Sam Kennedy,Craig Breslow,Craig Breslow,Raquel Ferreira / Eddie Romero / Michael Groopman / Taylor Smith,Jake Bruml,Jake Bruml,Brian Abraham,Jordan Elkary,Quinn Cleary,Jason Ochart,Fenway Park,"Boston, MA",JetBlue Park,"Fort Myers, FL",Worcester Red Sox (MA),Portland Sea Dogs (ME),Greenville Drive (SC),Salem RidgeYaks (VA),89-73,2021 ALCS,264.4M,6,TODO,TODO
Chicago Cubs,CHC,Tom Ricketts,Jed Hoyer,Carter Hawkins,Jared Banner / Ehsan Bokhari / Garrett Chiado,Dan Kantrovitz (VP Scouting),Scott Munson,Jason Kanzler,Ben Martin,Tyler Zombro (VP Pitching Strategy),Rachel Folden,Wrigley Field,"Chicago, IL",Sloan Park,"Mesa, AZ",Iowa Cubs (IA),Knoxville Smokies (TN),South Bend Cubs (IN),Myrtle Beach Pelicans (SC),92-70,2025 NLDS,247.0M,9,TODO,TODO
Chicago White Sox,CHW,Jerry Reinsdorf,,Chris Getz,Josh Barfield / Carlos Rodriguez / Jin Wong,Mike Shirley,Garrett Guest,Paul Janish,Phil Nevin,Rod Larson,Ryan Fuller,Rate Field,"Chicago, IL",Camelback Ranch-Glendale,"Phoenix, AZ",Charlotte Knights (NC),Birmingham Barons (AL),Winston-Salem Dash (NC),Kannapolis Cannon Ballers (NC),60-102,2021 ALDS,107.2M,27,TODO,TODO
Cincinnati Reds,CIN,Phillip J. Castellini,Nick Krall,Brad Meador,Sam Grossman / Jeff Graupe,Joe Katuska,Paul Pierson,Jeremy Farrell,Greg McMillin,Bryan Conger,Dave Hansen,Great American Ball Park,"Cincinnati, OH",Goodyear Ballpark,"Goodyear, AZ",Louisville Bats (KY),Chattanooga Lookouts (TN),Dayton Dragons (OH),Daytona Tortugas (FL),83-79,2025 NLWC,147.4M,19,TODO,TODO
Cleveland Guardians,CLE,Paul J. Dolan,Chris Antonetti,Mike Chernoff,Matt Forman,Ethan Purser,Pete Loizzo,Stephen Osterer,Will Huntington,Michael Peoples / Cody Buckel,Craig Massoni,Progressive Field,"Cleveland, OH",Goodyear Ballpark,"Goodyear, AZ",Columbus Clippers (OH),Akron RubberDucks (OH),Lake County Captains (OH),Hill City Howlers (VA),88-74,2024 ALCS,88.9M,29,TODO,TODO
Colorado Rockies,COL,Walker Monfort,Paul DePodesta,Josh Byrnes,Ian Levin / Tommy Tanous,Danny Montgomery,Marc Gustafson,Chris Forbes,Jesse Stender,Scott Oberg,Nic Wilson,Coors Field,"Denver, CO",Salt River Fields at Talking Sticks,"Scottsdale, AZ",Albuquerque Isotopes (NM),Hartford Yard Goats (CT),Spokane Indians (WA),Fresno Grizzlies (CA),43-119,2018 NLDS,133.3M,22,TODO,TODO
Detroit Tigers,DET,Christopher Ilitch,Scott Harris,Jeff Greenberg,Ryan Garko,Mark Conner,Eric Nieto,Shane Farrell, Peter Bransfield,Gabe Ribas,Kenny Graham,Comerica Park,"Detroit, MI",Publix Field at Joker Marchant Stadium,"Lakeland, FL",Toledo Mud Hens (OH),Erie SeaWolves (PA),West Michigan Whitecaps (MI),Lakeland Flying Tigers (FL),87-75,2024 ALDS,239.2M,10,TODO,TODO
Houston Astros,HOU,Jim Crane,,Dana Brown,Andrew Ball,"Cam Pendino (Deric Ladnier, Sr Dir)",Ryan Courville,Sam Niedorf,Cristian Perez,DJ Engle,Dan Hennigan / Aaron Westlake,Daikin Park,"Houston, TX",CACTI Park of the Palm Beaches,"West Palm Beach, FL",Sugar Land Space Cowboys (TX),Corpus Christi Hooks (TX),Asheville Tourists (NC),Fayetteville Woodpeckers (NC),87-75,2024 ALWC,232.7M,11,TODO,TODO
Kansas City Royals,KC,John Sherman,J.J. Picollo,J.J. Picollo,Scott Sharp / Rene Francisco / Dr. Daniel Mack,Brian Bridges,Colin Gonzales,Mitch Maier,Kevin Howard,Paul Gibson,Drew Saylor,Kauffman Stadium,"Kansas City, MO",Surprise Stadium,"Surprise, AZ",Omaha Storm Chasers (NE),Northwest Arkansas Naturals (AR),Quad Cities River Bandits (IA),Columbia Fireflies (SC),82-80,2024 ALDS,185.3M,18,TODO,TODO
Los Angeles Angels,LAA,John Carpino,,Perry Minasian,David Haynes,Tim McIlvaine,Jeremy Schied,Joey Prebynski,Tony Ferreira,Jared Hughes,Tim Laker,Angel Stadium,"Anaheim, CA",Tempe Diablo Stadium,"Tempe, AZ",Salt Lake Bees (UT),Rocket City Trash Pandas (AL),Tri-City Dust Devils (WA),Rancho Cucamonga Quakes (CA),72-90,2014 ALDS,193.1M,17,TODO,TODO
Los Angeles Dodgers,LAD,Stan Kasten,Andrew Friedman,Brandon Gomes,Alex Slater / Jeff Kingston,Zachary Fitzpatrick ,VP of scouting: David Finley,William Rhymes,Matt McGrath,Rob Hill,Brett Pill,Dodger Stadium,"Los Angeles, CA",Camelback Ranch-Glendale,"Phoenix, AZ",Oklahoma City Comets (OK),Tulsa Drillers (OK),Great Lakes Loons (MI),Ontario Tower Buzzers (CA),93-69,2025 WS Champions,413.5M,1,TODO,TODO
Miami Marlins,MIA,Bruce Sherman,Peter Bendix,Gabe Kapler,Brian Chattin,Frankie Piliere,Jordan Klinge,Rachel Balkovec,,Bill Hezel,Joe Migliaccio,LoanDepot Park,"Miami, FL",Roger Dean Chevrolet Stadium,"Jupiter, FL",Jacksonville Jumbo Shrimp (FL),Pensacola Blue Wahoos (FL),Beloit Sky Carp (WI),Jupiter Hammerheads (FL),79-83,2023 NLWC,82.2M,30,TODO,TODO
Milwaukee Brewers,MIL,Rick Schlesinger,Matt Arnold,Matt Arnold,Will Hudgins / Matt Kleine / Karl Mueller,Tod Johnson,,Bryan Conger,Brenton Del Chiaro,Nick Childs,JJ Reimer,American Family Field,"Milwaukee, WI",American Family Fields of Phoenix,"Phoenix, AZ",Nashville Sounds (TN),Biloxi Shuckers (MS),Wisconsin Timber Rattlers (WI),Wilson Warbirds (NC),97-65,2025 NLDS,138.6M,20,TODO,TODO
Minnesota Twins,MIN,Tom Pohlad,Derek Falvey,Jeremy Zoll,Daniel Adler / Alex Hassan / Sean Johnson / Josh Kalk,Sean Johnson,Tim O'Neil,Drew MacPhail,Frankie Padulo,Tommy Bergjans,Bryce Berg,Target Field,"Minneapolis, MN",Hammond Stadium,"Fort Myers, FL",St. Paul Saints (MN),Wichita Wind Surge (KS),Cedar Rapids Kernels (IA),Fort Myers Mighty Mussels (FL),70-92,2023 ALDS,122.1M,23,TODO,TODO
New York Mets,NYM,Steven Cohen,David Stearns,,Eduardo Brizuela / Jonathan Strangio / Ben Zauzmer,Kris Gross,Drew Toussaint,Andy Green,Andrew Christie,Eric Jagers,Jeff Albert,Citi Field,"Queens, NY",Clover Park,"Port St. Lucie, FL",Syracuse Mets (NY),Binghamton Rumble Ponies (NY),Brooklyn Cyclones (NY),St. Lucie Mets (FL),83-79,2024 NLCS,375.7M,2,TODO,TODO
New York Yankees,NYY,Randy Levine,VP Baseball Ops: Tim Naehring,Brian Cashman,Jean Afterman / Michael Fishman,Damon Oppenheimer,Mitch Colahan,Kevin Reese,Eric Schmitt,Sam Briend,Jacob Hirst,Yankee Stadium,"Bronx, NY",George M. Steinbrenner Field,"Tampa, FL",Scranton/Wilkes-Barre RailRiders (PA),Somerset Patriots (NJ),Hudson Valley Renegades (NY),Tampa Tarpons (FL),94-68,2024 AL Pennant,337.1M,3,TODO,TODO
Athletics,ATH,Marc Badain,,David Forst,Dan Feinstein / Billy Owens / Rob Naberhaus,Eric Kubota,Haley Alvarez,Ed Sprague,Veronica Alvarez,Mike McFerran,Jim Eppard,Sutter Health Park,"West Sacramento, CA",Hohokam Stadium,"Mesa, AZ",Las Vegas Aviators (NV),Midland RockHounds (TX),Lansing Lugnuts (MI),Stockton Ports (CA),76-86,2020 ALDS,134.5M,21,TODO,TODO
Philadelphia Phillies,PHI,John Middleton,David Dombrowski,Sam Fuld / Preston Mattingly,Ned Rice / Jorge Velandia,Brian Barber,Connor Betbeze,Luke Murton,Edwin Soto,Casey Weathers,Jake Elmore,Citizens Bank Park,"Philadelphia, PA",BayCare Ballpark,"Clearwater, FL",Lehigh Valley IronPigs (PA),Reading Fightin Phils (PA),Jersey Shore BlueClaws (NJ),Clearwater Threshers (FL),96-66,2024 NLDS,313.4M,4,TODO,TODO
Pittsburgh Pirates,PIT,Travis Williams,Ben Cherington,Ben Cherington,Kevan Graves | Sarah Gelles,Justin Horowitz ,Mike Mangan ,Michael Chernow,Shawn Johnston,Jeremy Bleich,Timothy McKeithan,PNC Park,"Pittsburgh, PA",LECOM Park,"Bradenton, FL",Indianapolis Indians (IN),Altoona Curve (PA),Greensboro Grasshoppers (NC),Bradenton Marauders (FL),71-91,2015 NLWC,119.8M,24,TODO,TODO
San Diego Padres,SD,Erik Greupner,A.J. Preller,A.J. Preller,Josh Stein,Chris Kemp (VP Amateur & Int'l),David Post,Ryley Westman,Michael Daly,Ruben Niebla,Jonathan Matthews,Petco Park,"San Diego, CA",Peoria Sports Complex,"Peoria, AZ",El Paso Chihuahuas (TX),San Antonio Missions (TX),Fort Wayne TinCaps (IN),Lake Elsinore Storm (CA),90-72,2024 NLDS,255.5M,7,TODO,TODO
San Francisco Giants,SF,Larry Baer,Buster Posey,Zack Minasian,Jeremy Shelley / Paul Bien,Michael Holmes,Mike Navolio,Kyle Haines,Ed Lucas,Daniel Murray,Mike McCormack,Oracle Park,"San Francisco, CA",Scottsdale Stadium,"Scottsdale, AZ",Sacramento River Cats (CA),Richmond Flying Squirrels (VA),Eugene Emeralds (OR),San Jose Giants (CA),81-81,2021 NLDS,229.1M,13,TODO,TODO
Seattle Mariners,SEA,Kevin Martinez,Jerry Dipoto,Justin Hollander,Joel Firman,Scott Hunter,Ty Bowman,Justin Toole,Louis Boyd,Quinn Cleary,C.J. Gillman,T-Mobile Park,"Seattle, WA",Peoria Sports Complex,"Peoria, AZ",Tacoma Rainiers (WA),Arkansas Travelers (AR),Everett AquaSox (WA),Inland Empire 66ers (CA),90-72,2025 ALCS,195.9M,16,TODO,TODO
St. Louis Cardinals,STL,William O. DeWitt III,Chaim Bloom,,Rob Cerfolio / Randy Flores / Moisés Rodriguez,Randy Flores,Jamal Strong,Rob Cerfolio,Larry Day,Matt Pierpont,Russ Steinhorn,Busch Stadium,"St. Louis, MO",Roger Dean Chevrolet Stadium,"Jupiter, FL",Memphis Redbirds (TN),Springfield Cardinals (MO),Peoria Chiefs (IL),Palm Beach Cardinals (FL),78-84,2022 NLWC,112.0M,26,TODO,TODO
Tampa Bay Rays,TB,Brian Auld | Matthew Silverman,Erik Neander,,Will Cousins,Chuck Ricci,David Hamlett,Blake Butera,Alejandro Freire,Winston Doom,Will Bradley,Steinbrenner Field,"Tampa, FL",Charlotte Sports Park,"Port Charlotte, FL",Durham Bulls (NC),Montgomery Biscuits (AL),Bowling Green Hot Rods (KY),Charleston RiverDogs (SC),77-85,2023 ALWC,106.9M,28,TODO,TODO
Texas Rangers,TEX,,Chris Young,Ross Fenstermaker,Josh Boyd / Cole Figueroa,Kip Fagg,Adam Lewkowicz,Josh Bonifay,Sam Niedorf,Todd Walther,Cody Atkinson,Globe Life Field,"Arlington, TX",Surprise Stadium,"Surprise, AZ",Round Rock Express (TX),Frisco RoughRiders (TX),Hub City Spartanburgers (SC),Hickory Crawdads (NC),81-81,2023 WS Champions,202.7M,15,TODO,TODO
Toronto Blue Jays,TOR,Mark Shapiro,,Ross Atkins,David Bell / Joe Sheehan / Michael Murov,Marc Tramuta,Kory Lafreniere,Joe Sclafani,Reed Kienle,Justin Lehr,Craig Parry,Rogers Centre,"Toronto, ON",TD Ballpark,"Dunedin, FL",Buffalo Bisons (NY),New Hampshire Fisher Cats (NH),Vancouver Canadians (BC),Dunedin Blue Jays (FL),94-68,2025 AL Pennant,308.8M,5,TODO,TODO
Washington Nationals,WSH,Mark D. Lerner,Paul Toboni,Anirudh Kilambi,Michael DeBartolo / Justin Horowitz / Devin Pearson,Brad Ciolek ,Reed Dunn, Eddie Longosz,John Wulf / David Longley,Grayson Crawford,CJ Gillman,Nationals Park,"Washington, DC",CACTI Park of the Palm Beaches,"West Palm Beach, FL",Rochester Red Wings (NY),Harrisburg Senators (PA),Wilmington Blue Rocks (DE),Fredericksburg Nationals (VA),66-96,2019 WS Champions,113.7M,25,TODO,TODO
